Mr,Cecil,Bates,Bates Double Glazing Ltd
Ms,Leah,Tilly,Tilly Beverages Ltd
Mr,Jack,Ennis,Riverside Circuitry Ltd
Mrs,Stephanie,Oakes,Oakes Workshops Ltd
Mr,Andrew,Peabody,Peabody Workwear Ltd
Ms,Tia,Billingham,Billingham Trading Ltd
Mr,Wayne,Clayton,Clayton Circuitry Ltd
Ms,Tammy,Harford,Harford Cameras Ltd
Mr,Robert,Pryor,Pryor Memorabilia Ltd
Mrs,Fiona,Newport,Newport Promotions Ltd
Mr,Joe,Boyle,Boyle Traders Ltd
Miss,Diana,Tennison,Tennison Developments Ltd
Mr,Edward,Wadlow,Wadlow Boiler Repairs Ltd
Mrs,Lily,Johnson,Johnson Signs Ltd
Mr,Hugh,Ainsley,Ainsley Scooters Ltd
Miss,Megan,Hancock,Hancock Supplements Ltd
Mr,Henry,Tennison,Tennison Cars Ltd
Mrs,Una,Cartwright,Cartwright Antiques Ltd
Mr,Aubrey,Finley,Diamond Manufacturing Ltd
Ms,Ruby,Powell,Powell Office Furniture Ltd
Mr,Stanley,Virgil,Virgil Antiques Ltd
Ms,Lisa,Fairbank,Fairbank Engineering Ltd
Mr,Alvin,Monroe,Monroe Home Services Ltd
Miss,Andrea,Webb,Webb Delivery Network Ltd
Mr,Lewis,Pearce,Pearce Finishing Ltd
Mrs,Hannah,Delap,Delap Computers Ltd
Mr,Joshua,Middleton,Middleton Trading Ltd
Ms,Judy,Renley,Renley Glassware Ltd
Mr,Lewis,Sixsmith,Sixsmith Sprayers Ltd
Mrs,Ruby,Lennon,Lennon Modelling Ltd
Mr,Steven,Hallworth,Astral Publications Ltd
Miss,Wendy,Kendrick,Kendrick Waste Services Ltd
Mr,Jeffrey,Haddow,Haddow Timepieces Ltd
Mrs,Leah,Tilly,North Point Caterers Ltd
Mr,Ryan,Franklin,Franklin Florists Ltd
Ms,Dorothy,Jacks,Jacks Showrooms Ltd
Mr,Malcolm,Malloney,Malloney Training Ltd
Ms,Rose,Cathcart,Cathcart Gourmet Foods Ltd
Mr,Stephen,Tattershall,Phoenix Cycles Ltd
Ms,Carrie,Delap,Delap Brewery Ltd
Mr,Anthony,Adderley,Adderley Waste Disposal Ltd
Mrs,Mary,Grant,Grant Video Services Ltd
Mr,Jay,Delap,Silver Beauty Treatments Ltd
Ms,Fiona,Folkes,Folkes Marine Equipment Ltd
Mr,Clifford,Curtis,Curtis Automations Ltd
Miss,Hilary,Samuel,Samuel Caterers Ltd
Mr,Carl,Jeffries,Premier Textiles Ltd
Ms,Noreen,Willis,Willis Care Services Ltd
Mr,Jacob,Webber,Webber Demolition Ltd
Miss,Sally,Cooper,Cooper Recreational Vehicles Ltd
